,Type,Mean,Std
0,Nodes,7.44,8.383698467860112
1,Edges,6.88,8.110832263091131
2,DCen,0.15588521732280497,0.242297615452122
3,CCen,0.0793650579590271,0.08464923157375333
4,BCen,0.00021117388403503408,0.002349443234836545
