,Type,Mean,Std
0,Nodes,49.42,1.1504781614615724
1,Edges,142.02,36.08960515162226
2,DCen,0.11822923495486679,0.08885432674955211
3,CCen,0.13686000360184403,0.05181877388866022
4,BCen,0.013600461108747944,0.023921536532872125
