,Type,Mean,Std
0,Nodes,47.0,2.0591260281974
1,Edges,67.9,10.231813133555557
2,DCen,0.06265361986754796,0.0551912106385787
3,CCen,0.050937840470222116,0.02927199110282364
4,BCen,0.005501867586727406,0.016535559927299714
