,Type,InputFile,Mean,Std
0,Nodes,44444,21.54,6.6036656487136
1,Edges,44444,18.72,8.173224577851755
2,DCen,44444,0.08228959988795562,0.07039700934800854
3,CCen,44444,0.04604303402329523,0.038619195073159966
4,BCen,44444,0.001065052890869864,0.0039823509114040485
