,Type,InputFile,Mean,Std
0,Nodes,4040404040,20.68,5.135912771844942
1,Nodes,4040404040,0.0,0.0
2,Edges,4040404040,17.5,5.762811813689564
3,Edges,4040404040,0.0,0.0
4,DCen,4040404040,0.08501749174604599,0.06934815970615694
5,DCen,4040404040,,
6,CCen,4040404040,0.04799155158998152,0.03744360226012419
7,CCen,4040404040,,
8,BCen,4040404040,0.001286356583345674,0.00479323132643814
9,BCen,4040404040,,
