,Type,InputFile,Mean,Std
0,Nodes,88888,47.26,1.87413980268282
1,Edges,88888,82.66,10.0669955796156
2,DCen,88888,0.07552898614040847,0.0608228749143649
3,CCen,88888,0.06404445296029655,0.034796379593608734
4,BCen,88888,0.007380800259194607,0.018172321171048778
