,Type,InputFile,Mean,Std
0,Nodes,33333,40.06,4.3469989648031895
1,Edges,33333,51.02,10.420153549732365
2,DCen,33333,0.06472980583108921,0.060976049980129524
3,CCen,33333,0.04679120595893299,0.02678137318972475
4,BCen,33333,0.0033858193636484104,0.01000079662817733
