,Type,Mean,Std
0,Nodes,49.26,0.9961927524329817
1,Edges,120.1,26.363800939925184
2,DCen,0.1007949911730503,0.07874070078783726
3,CCen,0.11816419518073763,0.04273533103868763
4,BCen,0.013987736515212137,0.02531513724324324
