,Type,Mean,Std
0,Nodes,42.0,5.087238936790762
1,Edges,57.08,12.545660604368349
2,DCen,0.06558176718806288,0.08762505839803085
3,CCen,0.04697194922927674,0.01817014972508658
4,BCen,0.002132875009434333,0.007435653756811436
