,Type,Mean,Std
0,Nodes,44.76,4.221658441892238
1,Edges,67.62,13.617474068269782
2,DCen,0.0684564570609173,0.09037325786376366
3,CCen,0.05008289802053288,0.01925232970749131
4,BCen,0.002405061484555053,0.008265663724581446
