,Type,Mean,Std
0,Nodes,1.18,2.8191488077077453
1,Edges,1.02,2.46973682808513
2,DCen,0.27118644067796605,0.2916791437007136
3,CCen,0.13622096672944126,0.0869578552032171
4,BCen,0.00023540489642184556,0.0017927902791581702
