,Type,Mean,Std
0,Nodes,34.18,5.985616091932393
1,Edges,32.24,9.532177086059615
2,DCen,0.05589718454112684,0.03748603457262629
3,CCen,0.03615724607027171,0.026317150502619385
4,BCen,0.0020317091121039702,0.007421940660118753
