,Type,InputFile,Mean,Std
0,Nodes,55555,49.2,1.6492422502470643
1,Edges,55555,118.72,39.593959135201416
2,DCen,55555,0.0995744513963114,0.08836576170774324
3,CCen,55555,0.10444933157213487,0.06656548349284908
4,BCen,55555,0.012596104627155658,0.026954833222548106
