,Type,Mean,Std
0,Nodes,29.26,10.755110413194277
1,Edges,30.96,14.26178109494042
2,DCen,0.07131089864960195,0.09073019766084431
3,CCen,0.04187446346267607,0.027802600466347964
4,BCen,0.0011257631566258207,0.005163951224411314
