,Type,InputFile,Mean,Std
0,Nodes,33333,42.54,3.868901652924251
1,Edges,33333,61.18,12.017803459867364
2,DCen,33333,0.06875766113920895,0.061307207340663174
3,CCen,33333,0.05335693599883678,0.02999860845969582
4,BCen,33333,0.005338732593041227,0.015012143620125002
