,Type,Mean,Std
0,Nodes,48.04,1.70833252032501
1,Edges,87.7,17.216561793807728
2,DCen,0.07726498111315215,0.06057886735952495
3,CCen,0.08162543420874056,0.039050480396244376
4,BCen,0.011682375761644548,0.02408856726961804
