,Type,Mean,Std
0,Nodes,36.16,6.96091947949407
1,Edges,42.54,12.557404190357177
2,DCen,0.06574798270877222,0.09792945204244978
3,CCen,0.04198597992282482,0.017529225920667038
4,BCen,0.0013036081018650367,0.0053660424123959825
