,Type,Mean,Std
0,Nodes,50.0,0.0
1,Edges,255.86,8.933106962306004
2,DCen,0.20886530612244897,0.07588175724693078
3,CCen,0.3273463669507774,0.03738807944978381
4,BCen,0.029014625850340134,0.024273883860464123
