,Type,Mean,Std
0,Nodes,5.82,7.061699512157113
1,Edges,5.32,6.583129954664423
2,DCen,0.14938406110987645,0.2286206931047476
3,CCen,0.07548888298782833,0.03449956880319339
4,BCen,0.00010866169539410238,0.0018504419940427747
