,Type,InputFile,Mean,Std
0,Nodes,99999,33.46,7.618950058899192
1,Edges,99999,34.82,11.608083390465456
2,DCen,99999,0.06275155514779868,0.04864898511034543
3,CCen,99999,0.037323917867675804,0.029205015799576916
4,BCen,99999,0.001226593055466311,0.004836005574423779
