,Type,Mean,Std
0,Nodes,10.54,6.171580024596619
1,Edges,9.46,6.129306649205928
2,DCen,0.16709731501105654,0.20442139891089678
3,CCen,0.08813478254910274,0.08491911888462665
4,BCen,0.0011365257795633603,0.0072661951562415904
