,Type,Mean,Std
0,Nodes,45.88,4.1887468293034855
1,Edges,76.68,14.467121344621395
2,DCen,0.07391725631576515,0.09744235232905697
3,CCen,0.05513269676028241,0.019557093638194176
4,BCen,0.00235927269756491,0.0078039605954248505
