,Type,InputFile,Mean,Std
0,Nodes,22222,1.0,7.0
1,Edges,22222,2.54,17.779999999999998
2,DCen,22222,0.10367346938775508,0.09717715052379013
3,CCen,22222,0.09808189901489632,0.026400388781265976
4,BCen,22222,0.006955782312925171,0.014031138615610235
