,Type,Mean,Std
0,Nodes,31.2,6.115553940568263
1,Edges,26.48,7.813424345317487
2,DCen,0.05524711766334373,0.03928957916972176
3,CCen,0.032062832571182906,0.021880030803128205
4,BCen,0.0008703091925575985,0.0030398533345363196
