,Type,Mean,Std
0,Nodes,45.66,4.29702222475053
1,Edges,73.38,16.013606714291445
2,DCen,0.07117706029379155,0.09274572931679358
3,CCen,0.05425719794759029,0.019503071735460824
4,BCen,0.0028362313959792544,0.009297698205219123
