,Type,InputFile,Mean,Std
0,Nodes,88888,45.96,3.346401051876478
1,Edges,88888,74.48,15.632325482793659
2,DCen,88888,0.07151802182680625,0.05514020939979931
3,CCen,88888,0.058800101471402424,0.03536179279662148
4,BCen,88888,0.00705621167724297,0.020126053361843498
