,Type,InputFile,Mean,Std
0,Nodes,11111,50.0,0.0
1,Edges,11111,234.32,13.735268472075818
2,DCen,11111,0.1912816326530612,0.11039028139924839
3,CCen,11111,0.27210179040887095,0.04120699531425092
4,BCen,11111,0.024776360544217686,0.028736816780443916
