,Type,Mean,Std
0,Nodes,40.7,5.536244214266564
1,Edges,46.72,12.443536474812937
2,DCen,0.056995524513403846,0.041093144329546895
3,CCen,0.04015701676444469,0.026927554271736674
4,BCen,0.0031025447569412094,0.009169546397545835
