,Type,Mean,Std
0,Nodes,48.8,1.1832159566199232
1,Edges,109.52,21.923722311687857
2,DCen,0.09362395151668083,0.07318903012123248
3,CCen,0.10687768867507555,0.04223822830915798
4,BCen,0.013134396992900373,0.025054326259060355
