,Type,InputFile,Mean,Std
0,Nodes,55555,49.4,1.2165525060596438
1,Edges,55555,121.02,35.0111353714786
2,DCen,55555,0.10083260312402739,0.08597573861336107
3,CCen,55555,0.10885886035440116,0.06173018533817005
4,BCen,55555,0.013356751389066019,0.027337196441556768
