,Type,Mean,Std
0,Nodes,0.48,1.9312172327317298
1,Edges,0.4,1.6
2,DCen,0.24074074074074073,0.2467206036013746
3,CCen,0.12037037037037036,0.05928818738363749
4,BCen,0.0,0.0
