,Type,Mean,Std
0,Nodes,1.2,2.870540018881465
1,Edges,1.04,2.521586801995918
2,DCen,0.26666666666666666,0.2920122669018616
3,CCen,0.1333333333333333,0.07260278246158354
4,BCen,0.0,0.0
