,Type,InputFile,Mean,Std
0,Nodes,33333,39.52,5.814602307982894
1,Edges,33333,51.34,12.024325344899813
2,DCen,33333,0.06668916791003734,0.06260075873627749
3,CCen,33333,0.04754469553226056,0.02814360875894355
4,BCen,33333,0.0030900100817411753,0.009302538595644444
