,Type,Mean,Std
0,Nodes,15.84,21.235216033749218
1,Edges,23.4,32.87308929808697
2,DCen,0.06780846721307196,0.0887966991477417
3,CCen,0.05074126060179286,0.022546230007600147
4,BCen,0.002661076413637478,0.008549277173120859
