,Type,Mean,Std
0,Nodes,47.76,2.9021371435547287
1,Edges,80.36,14.893971934980943
2,DCen,0.0715891699237726,0.047196246904707875
3,CCen,0.05702283337519103,0.03647848635582585
4,BCen,0.005800701648291944,0.014268602493553072
