,Type,Mean,Std
0,Nodes,38.3,5.741950887982237
1,Edges,41.02,12.10865805942178
2,DCen,0.05633560076804719,0.03946162919414753
3,CCen,0.038525194588372516,0.026257471671840064
4,BCen,0.002449094283165542,0.007316866892327313
