,Type,Mean,Std
0,Nodes,49.64,0.7418894796396563
1,Edges,132.34,29.03626008975674
2,DCen,0.10938800107880392,0.085396991545168
3,CCen,0.12675180917186218,0.04451561950014333
4,BCen,0.012839483672356662,0.023408155859956342
