,Type,Mean,Std
0,Nodes,48.46,1.5389606882568507
1,Edges,92.62,16.351012201084064
2,DCen,0.08028272208526485,0.06297701093985505
3,CCen,0.08109157044478096,0.036319105754530616
4,BCen,0.011523472327318297,0.024631891892827995
