,Type,Mean,Std
0,Nodes,24.46,11.004017448186822
1,Edges,23.84,13.159574461205043
2,DCen,0.07533555991179669,0.09855084165634702
3,CCen,0.04243874276410823,0.026590899505197507
4,BCen,0.0007235914723451927,0.0034016353000258415
