,Type,InputFile,Mean,Std
0,Nodes,77777,49.98,0.14
1,Edges,77777,153.8,14.355486755941088
2,DCen,77777,0.1256502601040416,0.06851775785606604
3,CCen,77777,0.17583975475568864,0.052264456320561176
4,BCen,77777,0.029003184715773702,0.03941972450932229
