,Type,Mean,Std
0,Nodes,49.82,0.43312815655415426
1,Edges,139.42,15.765899910883617
2,DCen,0.11459192737798757,0.07720983408407443
3,CCen,0.1532577041759384,0.05383004754128051
4,BCen,0.027037841367147233,0.04247515623954178
