,Type,Mean,Std
0,Nodes,31.94,5.951167952595524
1,Edges,30.28,8.790995393014375
2,DCen,0.060351840516631616,0.04673978121256585
3,CCen,0.035034465911655585,0.026622664114069296
4,BCen,0.0007860928181230166,0.0024623103566522833
