,Type,Mean,Std
0,Nodes,4.06,4.797541036822927
1,Edges,3.48,4.290640977756121
2,DCen,0.25313710646222964,0.27107613786820023
3,CCen,0.1286093695576454,0.11207038617161665
4,BCen,0.0010940892714291729,0.008960096016859827
