,Type,Mean,Std
0,Nodes,7.14,8.13636282376837
1,Edges,6.76,8.0462662148353
2,DCen,0.14735141895950493,0.2248531570136967
3,CCen,0.07626926315689747,0.06582894997203015
4,BCen,0.0005490546932386826,0.004995339730286197
