,Type,Mean,Std
0,Nodes,5.7,6.806614430096654
1,Edges,5.18,6.291867767205538
2,DCen,0.16764810577167555,0.24756710571597684
3,CCen,0.08427889369155578,0.07146919279757323
4,BCen,8.026602453847037e-05,0.0013526670889171999
