,Type,Mean,Std
0,Nodes,24.1,8.161494961096281
1,Edges,25.36,10.466632696335532
2,DCen,0.08917124254544184,0.133601797766161
3,CCen,0.04988252871143343,0.024762031077114593
4,BCen,0.0007801040033791634,0.0038312285822953997
