,Type,Mean,Std
0,Nodes,34.78,7.849305701780254
1,Edges,39.96,12.063100762241854
2,DCen,0.0667804385768605,0.09237387688460715
3,CCen,0.040803337074816814,0.018485504727950335
4,BCen,0.0011146041641773045,0.004340890191908259
