,Type,Mean,Std
0,Nodes,41.1,9.800510190801294
1,Edges,59.42,24.29739903775711
2,DCen,0.06833952745925748,0.0887128685789368
3,CCen,0.048429152953322785,0.02298036393522606
4,BCen,0.002516462757232969,0.009280240163532705
