,Type,Mean,Std
0,Nodes,50.0,0.0
1,Edges,151.76,13.472282657367309
2,DCen,0.12388571428571427,0.07143861107286445
3,CCen,0.16535052008478449,0.053617174702349085
4,BCen,0.028482653061224487,0.04107504136765406
