,Type,Mean,Std
0,Nodes,6.24,6.217909616583374
1,Edges,5.48,5.896575277226604
2,DCen,0.19892701109806374,0.24569105086104445
3,CCen,0.10269819672442815,0.10125349866879707
4,BCen,0.0007819773381514272,0.005428680331029752
