,Type,InputFile,Mean,Std
0,Nodes,22222,49.86,0.34698703145794946
1,Edges,22222,149.82,11.098990945126499
2,DCen,22222,0.12297869408493439,0.07803231416827451
3,CCen,22222,0.16631079210122346,0.04549509229905724
4,BCen,22222,0.02417256086618447,0.036013099889209296
