,Type,InputFile,Mean,Std
0,Nodes,66666,50.0,0.0
1,Edges,66666,259.18,10.816080621001307
2,DCen,66666,0.21157551020408158,0.07825130694585146
3,CCen,66666,0.33548723140045666,0.037548912447731134
4,BCen,66666,0.029566836734693874,0.024760167616805044
