,Type,Mean,Std
0,Nodes,47.1,2.5942243542145698
1,Edges,76.02,13.440967227100884
2,DCen,0.06968128138263963,0.04908748176388023
3,CCen,0.05362328816225945,0.035241812046978925
4,BCen,0.005487409472893121,0.01657524440108928
