,Type,Mean,Std
0,Nodes,36.46,7.947855056554567
1,Edges,42.28,13.159088114303362
2,DCen,0.06411762336701987,0.09146865508113852
3,CCen,0.04036113693534514,0.02298124797152054
4,BCen,0.001190003324597756,0.004667700448643126
