,Type,Mean,Std
0,Nodes,11.4,7.332121111929344
1,Edges,8.96,6.599878786765708
2,DCen,0.1331861984927342,0.1473324881361466
3,CCen,0.06858313814190034,0.07503048380108213
4,BCen,0.00042920186254903755,0.0029546174106654154
