,Type,Mean,Std
0,Nodes,20.04,8.17302881433805
1,Edges,20.08,9.09470175431828
2,DCen,0.09986642208234998,0.15576911555720735
3,CCen,0.054838225931745616,0.030134110418029703
4,BCen,0.0007507210351334467,0.004311480877015722
