,Type,InputFile,Mean,Std
0,Nodes,22222,49.9,0.36055512754639896
1,Edges,22222,150.42,9.77157100982232
2,DCen,22222,0.12329669470653566,0.0767451641044331
3,CCen,22222,0.16326022438032248,0.04194491221152325
4,BCen,22222,0.023017867687397046,0.0327924142808473
