,Type,Mean,Std
0,Nodes,2.12,3.9831645710414727
1,Edges,1.82,3.5535334527762643
2,DCen,0.26257861635220126,0.30115478459867595
3,CCen,0.13128930817610063,0.12556675889698177
4,BCen,0.0,0.0
