,Type,Mean,Std
0,Nodes,23.42,7.608127233426108
1,Edges,23.96,9.658074342227854
2,DCen,0.08959203740394829,0.13852221827108066
3,CCen,0.05117100029190031,0.022181788143414767
4,BCen,0.0009924519473750474,0.00504535692223961
