,Type,InputFile,Mean,Std
0,Nodes,99999,28.9,5.838664230798
1,Edges,99999,25.62,7.565421336581329
2,DCen,99999,0.06280252023223877,0.050311209618457996
3,CCen,99999,0.036089942227525915,0.029294925173691824
4,BCen,99999,0.0008852858847977317,0.0036298097650481064
