,Type,InputFile,Mean,Std
0,Nodes,22222,49.84,0.36660605559646725
1,Edges,22222,135.16,11.805693541677252
2,DCen,22222,0.11104991755931908,0.08162916188676424
3,CCen,22222,0.14394545997497704,0.04912696742142017
4,BCen,22222,0.02201195294039203,0.035236445996915375
