,Type,Mean,Std
0,Nodes,0.24,1.68
1,Edges,0.22,1.5399999999999998
2,DCen,0.16666666666666663,0.251259453814803
3,CCen,0.08333333333333333,0.025125945381480306
4,BCen,0.0,0.0
