,Type,Mean,Std
0,Nodes,33.46,7.681692521833974
1,Edges,37.64,11.634019081985382
2,DCen,0.06782678001215746,0.08201024986457428
3,CCen,0.04274403696267426,0.019561518570030603
4,BCen,0.0015757680550847022,0.006053278926431353
