,Type,Mean,Std
0,Nodes,38.82,8.86947574549928
1,Edges,46.28,17.421871311658805
2,DCen,0.06053242661235273,0.042426644695087876
3,CCen,0.037058607915964784,0.028664118914316004
4,BCen,0.0010528862479717823,0.003091418634183495
