,Type,Mean,Std
0,Nodes,44.8,4.3772137256478585
1,Edges,67.08,18.869912559415848
2,DCen,0.06723253672508928,0.05139131869877089
3,CCen,0.060371889929558255,0.034557711929398036
4,BCen,0.007903184903350383,0.018974602393381897
