,Type,Mean,Std
0,Nodes,45.44,3.232089107682522
1,Edges,68.94,14.520895289203075
2,DCen,0.06777490411922711,0.05098420306377109
3,CCen,0.05806872294502351,0.034667119652597646
4,BCen,0.006233270790472017,0.015321894573723651
