,Type,Mean,Std
0,Nodes,49.92,0.33704599092705434
1,Edges,135.78,11.847852126018454
2,DCen,0.11119222946611816,0.09336179020500157
3,CCen,0.12477937096780177,0.0435274463430297
4,BCen,0.018231374003146172,0.034899963134844676
