,Type,Mean,Std
0,Nodes,2.66,4.231359119715555
1,Edges,2.28,3.741871189658992
2,DCen,0.2527682843472317,0.29566124281537803
3,CCen,0.12638414217361588,0.11857993210802542
4,BCen,0.0,0.0
