,Type,Mean,Std
0,Nodes,29.3,5.068530358989675
1,Edges,24.66,6.984583022629196
2,DCen,0.058655188751194694,0.041278872214505755
3,CCen,0.03297263515736855,0.023348261075508487
4,BCen,0.0006076397778361597,0.0019595644449541027
