,Type,Mean,Std
0,Nodes,0.7,2.844292530665579
1,Edges,0.62,2.622136533439859
2,DCen,0.22857142857142856,0.2957153400794025
3,CCen,0.11428571428571428,0.16250545080688866
4,BCen,0.0,0.0
