,Type,Mean,Std
0,Nodes,48.7,2.042057785666214
1,Edges,116.34,40.41663518899118
2,DCen,0.09929811961709352,0.09006846580381381
3,CCen,0.10637876692035116,0.058902142167987226
4,BCen,0.014570281865875794,0.030448575506210322
