,Type,InputFile,Mean,Std
0,Nodes,11111,50.0,0.0
1,Edges,11111,246.14,9.901535234497729
2,DCen,11111,0.20093061224489792,0.09009449581278592
3,CCen,11111,0.3139845093058969,0.04049563662510039
4,BCen,11111,0.0294734693877551,0.028279646583348503
