,Type,Mean,Std
0,Nodes,49.06,1.302459212413195
1,Edges,101.84,21.075445428270314
2,DCen,0.08611385573819084,0.06857900662611233
3,CCen,0.09632019185105332,0.04055340280891578
4,BCen,0.013476718269610046,0.025571634710913692
