,Type,Mean,Std
0,Nodes,42.94,3.662840427864692
1,Edges,58.12,10.158031305326835
2,DCen,0.06425644490542083,0.054988680667498055
3,CCen,0.04789327713528258,0.03013664383439041
4,BCen,0.004715985491611072,0.01589478774018133
