,Type,Mean,Std
0,Nodes,29.54,6.020664415162167
1,Edges,23.98,6.86
2,DCen,0.056142233843114356,0.039221179704194496
3,CCen,0.03211769873944772,0.024396015284920535
4,BCen,0.0007417750047275395,0.003296075891395401
