,Type,Mean,Std
0,Nodes,43.44,3.595330304714714
1,Edges,62.12,10.964743499051858
2,DCen,0.06709200405792451,0.05691066303113443
3,CCen,0.049720923503122336,0.03187912409851077
4,BCen,0.004353658872236684,0.012033223932990545
