,Type,Mean,Std
0,Nodes,0.72,2.514279220770835
1,Edges,0.64,2.251754871206011
2,DCen,0.2222222222222222,0.2771421298559522
3,CCen,0.11111111111111113,0.0522846637841289
4,BCen,0.0,0.0
