,Type,InputFile,Mean,Std
0,Nodes,66666,50.0,0.0
1,Edges,66666,259.34,9.386394408930405
2,DCen,66666,0.21170612244897957,0.07932142194898129
3,CCen,66666,0.32870335383924665,0.03994089726544164
4,BCen,66666,0.028539455782312928,0.024894643261055026
