,Type,Mean,Std
0,Nodes,46.06,2.894201098749014
1,Edges,75.08,15.208997337102799
2,DCen,0.07180838267784177,0.09397090590843915
3,CCen,0.055932626739162175,0.020720658342318257
4,BCen,0.002873762297847974,0.009481184980089222
