,Type,Mean,Std
0,Nodes,7.84,5.285300369893844
1,Edges,6.82,5.010748447088519
2,DCen,0.2143827311144238,0.24724263871879718
3,CCen,0.10977313239092952,0.09022640834006626
4,BCen,0.0007301844730566219,0.005823862644535037
