,Type,Mean,Std
0,Nodes,6.8,8.119113252073776
1,Edges,6.32,7.7780203136787955
2,DCen,0.14042501616031028,0.22181711591366396
3,CCen,0.07239226425372432,0.041092821431937085
4,BCen,0.000309000584914531,0.002914243476766657
