,Type,Mean,Std
0,Nodes,3.28,5.196306380497592
1,Edges,2.9,4.788527957525151
2,DCen,0.21747967479674796,0.28007363990683015
3,CCen,0.10941734417344172,0.09899784642047618
4,BCen,0.00011956001912960305,0.0015264401404595535
