,Type,Mean,Std
0,Nodes,41.34,6.4609906361176535
1,Edges,56.06,14.927035874546561
2,DCen,0.06608046135737435,0.09012101577465827
3,CCen,0.046042438960247074,0.017995215664709973
4,BCen,0.0018201903924205938,0.006652858680285696
