,Type,InputFile,Mean,Std
0,Nodes,11111,50.0,0.0
1,Edges,11111,256.92,10.654276136838202
2,DCen,11111,0.20973061224489792,0.08430765578911795
3,CCen,11111,0.3220241338319201,0.040418388371432565
4,BCen,11111,0.028262755102040814,0.02501845237501301
