,Type,Mean,Std
0,Nodes,1.08,2.4235511135521777
1,Edges,0.9,2.0615528128088303
2,DCen,0.33333333333333326,0.3066478791883283
3,CCen,0.1666666666666666,0.1034388151390292
4,BCen,0.0,0.0
