,Type,InputFile,Mean,Std
0,Nodes,88888,41.4,3.475629439396553
1,Edges,88888,53.18,9.819755597773296
2,DCen,88888,0.06316424494026684,0.05351532168555093
3,CCen,88888,0.04557400964472187,0.029129211966782975
4,BCen,88888,0.0033669354104471864,0.0099269478047446
