,Type,Mean,Std
0,Nodes,16.08,9.738254463711657
1,Edges,15.88,10.616289370585186
2,DCen,0.11256028672172583,0.18098338341374795
3,CCen,0.06078622719715482,0.0336023769267042
4,BCen,0.0006995034175387937,0.003981483594232822
