,Type,Mean,Std
0,Nodes,27.1,7.465252842335616
1,Edges,26.28,9.539475876587769
2,DCen,0.07252459028715368,0.07853898381088495
3,CCen,0.04325996986457606,0.02182829574762411
4,BCen,0.0013150184161795622,0.005313660302025094
