,Type,Mean,Std
0,Nodes,4.68,4.3425338225510695
1,Edges,4.0,3.97994974842648
2,DCen,0.2708689458689459,0.2958541104105533
3,CCen,0.13665547415547416,0.12215294494431879
4,BCen,0.0002817695125387433,0.0030769695220965844
