,Type,Mean,Std
0,Nodes,13.86,9.41702713174386
1,Edges,13.22,9.533708617322013
2,DCen,0.12236620691793537,0.1911166813506336
3,CCen,0.06474078182792191,0.04573690924847714
4,BCen,0.0006085617358510124,0.004304635963696389
