,Type,Mean,Std
0,Nodes,42.46,7.294408817717855
1,Edges,63.0,21.26875642815066
2,DCen,0.06951251241805541,0.09452489042419122
3,CCen,0.04857006945833356,0.021385296378993845
4,BCen,0.0024450955859332425,0.0086649020328977
