,Type,InputFile,Mean,Std
0,Nodes,11111,50.0,0.0
1,Edges,11111,254.46,12.371273176193306
2,DCen,11111,0.2077224489795918,0.08219037398631299
3,CCen,11111,0.32403597550589336,0.037798016061299816
4,BCen,11111,0.02865578231292517,0.025137829290670145
