,Type,Mean,Std
0,Nodes,49.6,0.7483314773547883
1,Edges,125.94,17.794841949284066
2,DCen,0.1043588258130085,0.08157194268924776
3,CCen,0.12207913425424724,0.03826394030033039
4,BCen,0.013674385391932426,0.02464659914607964
