,Type,InputFile,Mean,Std
0,Nodes,1010101010,50.0,0.0
1,Nodes,1010101010,0.0,0.0
2,Edges,1010101010,234.32,13.735268472075818
3,Edges,1010101010,0.0,0.0
4,DCen,1010101010,0.1912816326530612,0.11039028139924839
5,DCen,1010101010,,
6,CCen,1010101010,0.27210179040887095,0.04120699531425092
7,CCen,1010101010,,
8,BCen,1010101010,0.024776360544217686,0.028736816780443916
9,BCen,1010101010,,
