,Type,Mean,Std
0,Nodes,28.92,9.275429909174022
1,Edges,29.68,12.591171510228904
2,DCen,0.07132533555312502,0.08687516865114732
3,CCen,0.042463543138263886,0.022450314464600704
4,BCen,0.001148048125723946,0.005117004674579305
