,Type,Mean,Std
0,Nodes,1.36,3.6810867960427123
1,Edges,1.2,3.2741411087489802
2,DCen,0.2041522491349481,0.26232232412589634
3,CCen,0.10207612456747406,0.060783618408430835
4,BCen,0.0,0.0
