,Type,Mean,Std
0,Nodes,43.68,7.1789692853500915
1,Edges,75.2,27.864672974933686
2,DCen,0.07819189808850378,0.10094700206322232
3,CCen,0.05922070342408654,0.028673201673610094
4,BCen,0.002954343589429084,0.009617398339409208
