,Type,Mean,Std
0,Nodes,23.6,7.87400787401181
1,Edges,25.38,10.810901905021616
2,DCen,0.09252326887690156,0.13803301677719126
3,CCen,0.052305880808203684,0.025590190226180615
4,BCen,0.000859047279231993,0.00435899388070193
