,Type,InputFile,Mean,Std
0,Nodes,88888,42.06,3.7438482875244827
1,Edges,88888,55.46,10.62677749837645
2,DCen,88888,0.06381661895105246,0.0527438611621891
3,CCen,88888,0.04719225099767504,0.030477977325877086
4,BCen,88888,0.004188658662686975,0.012930663936286118
