,Type,Mean,Std
0,Nodes,15.94,7.484410464425371
1,Edges,13.04,6.890457169157936
2,DCen,0.10450006899545838,0.12858949546614548
3,CCen,0.05421060726668849,0.052733334757938316
4,BCen,0.0003546008926477154,0.0025445543434652177
