,Type,Mean,Std
0,Nodes,50.0,0.0
1,Edges,162.46,9.889812940597006
2,DCen,0.1326204081632653,0.07043270036803119
3,CCen,0.18198677470204275,0.050174720842730614
4,BCen,0.027146428571428568,0.03562344265417176
