,Type,InputFile,Mean,Std
0,Nodes,44444,26.92,6.950798515278658
1,Edges,44444,25.2,8.55336191213724
2,DCen,44444,0.07060032028000897,0.06138567936250785
3,CCen,44444,0.03981970962696789,0.03062115189939577
4,BCen,44444,0.0007373379155591719,0.0026848509218407764
