,Type,Mean,Std
0,Nodes,5.26,6.225142568648528
1,Edges,4.76,5.749991304341251
2,DCen,0.18206217848356077,0.25730632254691294
3,CCen,0.09125475285171103,0.06052423527769258
4,BCen,4.193692686199955e-05,0.0006788084624345214
