,Type,Mean,Std
0,Nodes,17.12,9.183986062707195
1,Edges,14.4,8.613942186943213
2,DCen,0.09262814185318087,0.11083827422536999
3,CCen,0.04923434788925483,0.046850725555888637
4,BCen,0.0005071471695604949,0.002516348077719123
