,Type,Mean,Std
0,Nodes,48.64,1.3821722034536796
1,Edges,91.78,11.291217826257716
2,DCen,0.07908872510713462,0.056761210573339
3,CCen,0.068148144526381,0.03712183228044023
4,BCen,0.008440505042321376,0.01935065177610468
