,Type,Mean,Std
0,Nodes,26.86,7.681171785606673
1,Edges,26.78,10.022554564580828
2,DCen,0.07561194419526177,0.08631296637421426
3,CCen,0.04423688015079932,0.023051931461542233
4,BCen,0.0011650145202166404,0.005031145824106198
