,Type,InputFile,Mean,Std
0,Nodes,66666,50.0,0.0
1,Edges,66666,252.56,10.494112635187408
2,DCen,66666,0.20617142857142853,0.09049614330651207
3,CCen,66666,0.31871395104478134,0.042020298722491675
4,BCen,66666,0.030261564625850338,0.0289690751639226
