,Type,Mean,Std
0,Nodes,20.56,6.841520298880944
1,Edges,18.72,7.375744030265692
2,DCen,0.09162354501564147,0.1021739624431071
3,CCen,0.051095672988672416,0.030507549360832147
4,BCen,0.0010185527712608883,0.004316617218967055
