,Type,Mean,Std
0,Nodes,0.38,1.7075128110793194
1,Edges,0.32,1.502531197679436
2,DCen,0.3157894736842105,0.3138831348533034
3,CCen,0.15789473684210525,0.12417781311709744
4,BCen,0.0,0.0
