,Type,Mean,Std
0,Nodes,27.62,6.02292287847022
1,Edges,30.42,8.890646770623608
2,DCen,0.0817760537250985,0.11977718184125488
3,CCen,0.049207770799284845,0.021057456867638248
4,BCen,0.001285675574179207,0.00567444787609144
