,Type,Mean,Std
0,Nodes,50.0,0.0
1,Edges,249.16,10.815470401235444
2,DCen,0.20339591836734688,0.09090701970000552
3,CCen,0.3156534115695699,0.04751564803587562
4,BCen,0.03088741496598639,0.02887299515499937
