,Type,Mean,Std
0,Nodes,4.14,4.677648982127667
1,Edges,3.58,4.261877520530124
2,DCen,0.2597496706192358,0.28663760797275933
3,CCen,0.13120545654870597,0.10507313284866604
4,BCen,0.0003022855044212786,0.003067013284376152
