,Type,InputFile,Mean,Std
0,Nodes,55555,48.42,2.50671099251589
1,Edges,55555,112.14,37.40749122836227
2,DCen,55555,0.09668158274606481,0.08926712655638794
3,CCen,55555,0.09809874301737016,0.058501685973983725
4,BCen,55555,0.010904899749953841,0.02366051858040074
