,Type,Mean,Std
0,Nodes,3.1,4.8918299234540035
1,Edges,2.78,4.54440315112997
2,DCen,0.2054219615509938,0.25889626446934666
3,CCen,0.10462256978386011,0.05358607202185594
4,BCen,0.0003373392367699768,0.0029737738089240817
