,Type,InputFile,Mean,Std
0,Nodes,33333,42.98,3.8806700452370335
1,Edges,33333,62.92,11.21934044407246
2,DCen,33333,0.06937103303963812,0.06285482720628363
3,CCen,33333,0.05412173451014573,0.03081636650372105
4,BCen,33333,0.004843746312802203,0.013368972533118221
