,Type,Mean,Std
0,Nodes,46.92,1.7758378304338491
1,Edges,71.98,10.58959867039351
2,DCen,0.06667969028927728,0.05903046614488944
3,CCen,0.05737959686926589,0.02923112769729273
4,BCen,0.006611605249431281,0.01774062422951179
