,Type,InputFile,Mean,Std
0,Nodes,99999,27.98,5.390695687942327
1,Edges,99999,25.22,7.621784567934205
2,DCen,99999,0.06597118799693513,0.05066331457548324
3,CCen,99999,0.03868828063864466,0.030835712425444008
4,BCen,99999,0.0013600491012263427,0.006300053241154969
