,Type,Mean,Std
0,Nodes,30.4,12.043255373859678
1,Edges,32.92,17.377963056699137
2,DCen,0.06858747049602625,0.10028819012205495
3,CCen,0.039694103828529746,0.030985831564800725
4,BCen,0.001143235509159139,0.013319895037913164
