,Type,Mean,Std
0,Nodes,22.24,9.776625184592074
1,Edges,20.26,9.945471331214021
2,DCen,0.08325384331110595,0.11590302725396438
3,CCen,0.0451223144528457,0.035330381729492745
4,BCen,0.0005315798137642301,0.0025930266528119885
