,Type,Mean,Std
0,Nodes,2.86,4.312818104209822
1,Edges,2.48,3.8742225026448858
2,DCen,0.2497502497502497,0.2850938332551754
3,CCen,0.12755577755577757,0.08584410684501016
4,BCen,0.001282051282051282,0.01080966988408107
