,Type,InputFile,Mean,Std
0,Nodes,99999,36.72,6.082894048066266
1,Edges,99999,40.76,11.549129837351384
2,DCen,99999,0.061086737435442955,0.04592735541792496
3,CCen,99999,0.03791552161785071,0.027801428921415534
4,BCen,99999,0.001389064817194131,0.004388752770337494
