,Type,InputFile,Mean,Std
0,Nodes,77777,49.72,0.448998886412873
1,Edges,77777,128.04,11.68582046755811
2,DCen,77777,0.10570795091970818,0.08713638461512054
3,CCen,77777,0.12638881227848192,0.041286179968237316
4,BCen,77777,0.01826887830498934,0.03424883001942644
