,Type,Mean,Std
0,Nodes,3.4,5.535341001239218
1,Edges,3.04,5.1340432409554175
2,DCen,0.1983986928104575,0.26335091497107216
3,CCen,0.1002688651218063,0.09719278434732406
4,BCen,0.00032085561497326203,0.004171122994652406
