,Type,InputFile,Mean,Std
0,Nodes,11111,50.0,0.0
1,Edges,11111,256.64,11.526942352592902
2,DCen,11111,0.2095020408163265,0.08511710491642932
3,CCen,11111,0.3208746792504751,0.0374301629351355
4,BCen,11111,0.027439625850340134,0.02503435749795494
