,Type,Mean,Std
0,Nodes,43.36,4.9102342102999526
1,Edges,58.36,12.964196851328662
2,DCen,0.06287442938999092,0.047023641246747246
3,CCen,0.040716480103216275,0.027831007255559318
4,BCen,0.0016456612713916035,0.004456059127917392
