,Type,Mean,Std
0,Nodes,42.48,5.489043632546566
1,Edges,58.94,15.569727036785197
2,DCen,0.06580756734372378,0.09263461778555726
3,CCen,0.04554445670732237,0.017721279184534037
4,BCen,0.001779518742845397,0.006500166327426235
