,Type,InputFile,Mean,Std
0,Nodes,77777,49.88,0.3249615361854384
1,Edges,77777,142.56,13.953006844404541
2,DCen,77777,0.11692892874872482,0.08168837532514672
3,CCen,77777,0.14636633841266564,0.05433378700022114
4,BCen,77777,0.022298261811848217,0.03741922592892264
