,Type,Mean,Std
0,Nodes,31.78,6.682185271301598
1,Edges,29.1,9.119758768739445
2,DCen,0.05856599671238174,0.04379490853716087
3,CCen,0.033860257804958355,0.027010694186781654
4,BCen,0.0008645447795907505,0.0030771622189613786
