,Type,Mean,Std
0,Nodes,42.6,3.3526109228480423
1,Edges,55.14,12.510811324610406
2,DCen,0.061677746564949315,0.04470007916968787
3,CCen,0.049360533361486277,0.03045908483957415
4,BCen,0.00611547930677397,0.016200584374220426
