,Type,Mean,Std
0,Nodes,48.44,2.6469605210505125
1,Edges,109.74,36.09920220725106
2,DCen,0.09448944527307435,0.08018236792060929
3,CCen,0.09795705496703118,0.05913999502804265
4,BCen,0.012249728854584063,0.026224906823567613
