,Type,InputFile,Mean,Std
0,Nodes,66666,50.0,0.0
1,Edges,66666,259.12,9.540733724405058
2,DCen,66666,0.2115265306122449,0.07764044511207523
3,CCen,66666,0.32510747817460994,0.0394874754573229
4,BCen,66666,0.02743316326530612,0.0236301768844024
