,Type,Mean,Std
0,Nodes,48.84,1.8260339536821322
1,Edges,108.52,25.52115984825141
2,DCen,0.09247512896055611,0.07138138976165843
3,CCen,0.10571283237085162,0.04403127089913604
4,BCen,0.013721001894784117,0.025513733257477546
