,Type,InputFile,Mean,Std
0,Nodes,33333,43.52,2.6095210288480146
1,Edges,33333,65.54,8.251569547667886
2,DCen,33333,0.07068383764194414,0.06526629825979834
3,CCen,33333,0.05365917916610114,0.02973519693611086
4,BCen,33333,0.004117838478685339,0.012002983566116836
