,Type,Mean,Std
0,Nodes,49.12,3.2902279556286067
1,Edges,127.98,36.26981665241775
2,DCen,0.1073409409596031,0.07607629016143701
3,CCen,0.1246792377926239,0.06604360443634512
4,BCen,0.01940775287038692,0.035890335106844404
