,Type,Mean,Std
0,Nodes,3.9,5.678908345800273
1,Edges,3.6,5.3404119691274765
2,DCen,0.18733488733488735,0.25491679017810126
3,CCen,0.09753268174320806,0.05329521824765767
4,BCen,0.000996878365299418,0.006222592205977868
