,Type,Mean,Std
0,Nodes,47.88,2.0749939758948703
1,Edges,79.46,14.605765984706176
2,DCen,0.07049425843158179,0.056591854801404086
3,CCen,0.07038366585315668,0.034523533263324455
4,BCen,0.010622477642904166,0.023467567627586547
