,Type,InputFile,Mean,Std
0,Nodes,22222,49.88,0.3815756805667782
1,Edges,22222,146.8,12.289833196589774
2,DCen,22222,0.12038960809459855,0.0743887330111155
3,CCen,22222,0.16467444606978476,0.049358038676573096
4,BCen,22222,0.02569072411001883,0.03649930010202475
