,Type,Mean,Std
0,Nodes,29.4,8.632496741962896
1,Edges,31.82,12.007814122478747
2,DCen,0.07437666830818271,0.09366876676726342
3,CCen,0.0462571802166134,0.021099812158615353
4,BCen,0.0015655635662355058,0.005902237228633033
