,Type,InputFile,Mean,Std
0,Nodes,55555,48.58,3.3050869882652103
1,Edges,55555,111.8,37.78677017158254
2,DCen,55555,0.09552727192811945,0.08497184960589012
3,CCen,55555,0.09879785067210016,0.05957509598808095
4,BCen,55555,0.012956556174099385,0.0282846590329705
