,Type,Mean,Std
0,Nodes,44.48,3.806520721078502
1,Edges,66.22,14.963007719038307
2,DCen,0.06782410683224781,0.09136183029982664
3,CCen,0.0495195291084783,0.01926398660658505
4,BCen,0.002281686929446532,0.007866071181953226
