,Type,Mean,Std
0,Nodes,43.76,4.649989247299396
1,Edges,59.48,16.16692920749021
2,DCen,0.06256546485518008,0.046407199333850055
3,CCen,0.050785152682372214,0.031103173031270193
4,BCen,0.005106498066845178,0.012675973071869495
