,Type,Mean,Std
0,Nodes,9.66,8.36805831719641
1,Edges,9.32,8.59171694133367
2,DCen,0.1440389375951874,0.21672331745693832
3,CCen,0.07346337409198062,0.04741861370232596
4,BCen,0.0002504859040100736,0.002388018536620149
