,Type,InputFile,Mean,Std
0,Nodes,44444,20.68,5.135912771844942
1,Edges,44444,17.5,5.762811813689564
2,DCen,44444,0.08501749174604599,0.06934815970615694
3,CCen,44444,0.04799155158998152,0.03744360226012419
4,BCen,44444,0.001286356583345674,0.00479323132643814
