,Type,Mean,Std
0,Nodes,35.08,8.017081763335085
1,Edges,37.54,13.66925016231688
2,DCen,0.060989087016718936,0.04599374021556976
3,CCen,0.0370293342587263,0.029120110593499757
4,BCen,0.0012556150345822957,0.003966996845220795
