,Type,Mean,Std
0,Nodes,4.54,6.344162671306592
1,Edges,4.08,5.744005571027939
2,DCen,0.1651192542161705,0.23907516823730213
3,CCen,0.08344068437680772,0.04376834141899635
4,BCen,0.00013911430558775795,0.0020913465863723036
