,Type,Mean,Std
0,Nodes,47.18,2.4874886934416405
1,Edges,83.54,14.281750592977039
2,DCen,0.07633397700202035,0.0979277364922641
3,CCen,0.05870520363731362,0.020801956398812493
4,BCen,0.0028175237170518673,0.009094883740969726
