,Type,InputFile,Mean,Std
0,Nodes,1010101010,50.0,0.0
1,Nodes,1010101010,0.0,0.0
2,Edges,1010101010,256.92,10.654276136838202
3,Edges,1010101010,0.0,0.0
4,DCen,1010101010,0.20973061224489792,0.08430765578911795
5,DCen,1010101010,,
6,CCen,1010101010,0.3220241338319201,0.040418388371432565
7,CCen,1010101010,,
8,BCen,1010101010,0.028262755102040814,0.02501845237501301
9,BCen,1010101010,,
