,Type,Mean,Std
0,Nodes,3.94,5.5368221932801855
1,Edges,3.52,5.103880876352816
2,DCen,0.20159535895576502,0.27275485207699773
3,CCen,0.10079767947788253,0.090911226091193
4,BCen,0.0,0.0
