,Type,Mean,Std
0,Nodes,50.0,0.0
1,Edges,255.5,11.218288639538564
2,DCen,0.20857142857142852,0.08029827775910711
3,CCen,0.3152500421622475,0.043635200703297704
4,BCen,0.02853367346938776,0.02555887103020464
