,Type,InputFile,Mean,Std
0,Nodes,77777,49.96,0.19595917942265423
1,Edges,77777,159.04,13.765115328249161
2,DCen,77777,0.1300176195378071,0.07154491635854432
3,CCen,77777,0.17708185586539582,0.055438561394478295
4,BCen,77777,0.026228444037615387,0.03460759884008431
