,Type,InputFile,Mean,Std
0,Nodes,66666,50.0,0.0
1,Edges,66666,239.2,15.058552387264852
2,DCen,66666,0.19526530612244897,0.11017341977078683
3,CCen,66666,0.2771178013373248,0.050853355671692614
4,BCen,66666,0.026612585034013602,0.03065059414344683
