,Type,Mean,Std
0,Nodes,25.54,7.206136274037565
1,Edges,24.6,8.660254037844386
2,DCen,0.07714187245814375,0.08925168301186724
3,CCen,0.04367424939210527,0.02327043984487406
4,BCen,0.0009554623289754024,0.0041164116150468
