,Type,Mean,Std
0,Nodes,42.74,4.537884969895116
1,Edges,53.88,14.150109540212048
2,DCen,0.05964150498139059,0.04377052787039039
3,CCen,0.04562712266813649,0.029752254655461538
4,BCen,0.00459089986011295,0.015525958578777784
