,Type,Mean,Std
0,Nodes,19.08,7.44
1,Edges,16.78,8.275965200506826
2,DCen,0.09280660361794787,0.10502605423602272
3,CCen,0.04972232495983387,0.03177199223893156
4,BCen,0.0006200159802077208,0.0032936107706757318
