,Type,Mean,Std
0,Nodes,37.18,5.164068163763914
1,Edges,38.22,10.284532074917166
2,DCen,0.05588392007095337,0.040180285873477765
3,CCen,0.03700408638303949,0.02415470665321486
4,BCen,0.002029398457856531,0.005959787918198845
