,Type,Mean,Std
0,Nodes,50.0,0.0
1,Edges,241.84,9.934505523678569
2,DCen,0.1974204081632653,0.10867852443929468
3,CCen,0.28700480942827694,0.0409925298283955
4,BCen,0.027585544217687073,0.029881965350110735
