,Type,Mean,Std
0,Nodes,35.7,10.27861858422619
1,Edges,44.6,19.5315129982293
2,DCen,0.0690329723163738,0.10456589155050897
3,CCen,0.043581692149530886,0.020628723137522648
4,BCen,0.0015671139921524073,0.006746799530845038
