,Type,Mean,Std
0,Nodes,47.74,1.694815624190431
1,Edges,77.2,12.262136844775466
2,DCen,0.06902856070913135,0.05885814216206933
3,CCen,0.06352157712504682,0.03263608486378202
4,BCen,0.0084244062970614,0.020665956268461183
