,Type,Mean,Std
0,Nodes,50.0,0.0
1,Edges,252.84,12.241503175672506
2,DCen,0.20639999999999994,0.07912235959841878
3,CCen,0.3262007067152827,0.03931336483727776
4,BCen,0.03114387755102041,0.026699729653904127
