,Type,InputFile,Mean,Std
0,Nodes,44444,29.36,4.620649305021969
1,Edges,44444,29.32,7.417384983941443
2,DCen,44444,0.06971916547113,0.06387160226667202
3,CCen,44444,0.041194290962015906,0.02795695176565514
4,BCen,44444,0.001140873318197514,0.004053445852250737
