,Type,InputFile,Mean,Std
0,Nodes,77777,49.94,0.23748684174075835
1,Edges,77777,162.28,13.178831511177309
2,DCen,77777,0.13278246821355694,0.07377644254217657
3,CCen,77777,0.18122156546709636,0.04718866139594472
4,BCen,77777,0.025217158114705082,0.033091692050625274
