,Type,Mean,Std
0,Nodes,21.18,9.166656969691841
1,Edges,21.86,11.124765166060811
2,DCen,0.09584271511874923,0.15446971184214742
3,CCen,0.05332366639167996,0.026774945959106268
4,BCen,0.0008476909680415432,0.004340608296724274
