,Type,Mean,Std
0,Nodes,9.02,8.65445549991448
1,Edges,8.62,8.811106627433354
2,DCen,0.14414185546014757,0.2210155106616591
3,CCen,0.07584967990192139,0.05063162044520298
4,BCen,0.0012326739996182932,0.016025770980814015
