,Type,InputFile,Mean,Std
0,Nodes,3030303030,40.06,4.3469989648031895
1,Nodes,3030303030,0.0,0.0
2,Edges,3030303030,51.02,10.420153549732365
3,Edges,3030303030,0.0,0.0
4,DCen,3030303030,0.06472980583108921,0.060976049980129524
5,DCen,3030303030,,
6,CCen,3030303030,0.04679120595893299,0.02678137318972475
7,CCen,3030303030,,
8,BCen,3030303030,0.0033858193636484104,0.01000079662817733
9,BCen,3030303030,,
