,Type,Mean,Std
0,Nodes,46.38,3.7464116164671495
1,Edges,82.54,17.323059775917187
2,DCen,0.07773204396078376,0.10116338606418174
3,CCen,0.060033126131849905,0.021471288715712297
4,BCen,0.0030743245223742058,0.009719035250324633
