,Type,Mean,Std
0,Nodes,18.28,6.331003080081387
1,Edges,15.76,6.5682874480339235
2,DCen,0.0978663322726652,0.1087083150264014
3,CCen,0.05276426111463147,0.03406041860260942
4,BCen,0.0007973949496050085,0.003905684721355043
