,Type,InputFile,Mean,Std
0,Nodes,88888,45.78,2.7589128293586955
1,Edges,88888,69.36,12.631326137821
2,DCen,88888,0.06733318553466192,0.052792861376519916
3,CCen,88888,0.05325032502792458,0.03268890536011637
4,BCen,88888,0.005845292105190115,0.017152447974308666
