,Type,InputFile,Mean,Std
0,Nodes,1010101010,50.0,0.0
1,Nodes,1010101010,0.0,0.0
2,Edges,1010101010,254.46,12.371273176193306
3,Edges,1010101010,0.0,0.0
4,DCen,1010101010,0.2077224489795918,0.08219037398631299
5,DCen,1010101010,,
6,CCen,1010101010,0.32403597550589336,0.037798016061299816
7,CCen,1010101010,,
8,BCen,1010101010,0.02865578231292517,0.025137829290670145
9,BCen,1010101010,,
