,Type,Mean,Std
0,Nodes,2.68,3.701026884528131
1,Edges,2.24,3.2530600978155935
2,DCen,0.31186868686868685,0.298143864339218
3,CCen,0.15593434343434343,0.1397912215031018
4,BCen,0.0,0.0
