,Type,Mean,Std
0,Nodes,39.4,6.483826030978931
1,Edges,50.7,13.17611475359865
2,DCen,0.06607536971820058,0.09011827933061516
3,CCen,0.04624000703562259,0.019044678759913367
4,BCen,0.002032754831092832,0.007771640291924943
