,Type,Mean,Std
0,Nodes,22.72,9.280172412191488
1,Edges,21.18,10.09492942025847
2,DCen,0.08110588164716304,0.09870622882266808
3,CCen,0.04431822608746374,0.028522285302325524
4,BCen,0.0006598374464496073,0.003145852368424169
