,Type,Mean,Std
0,Nodes,27.14,6.636294146585125
1,Edges,26.72,7.954973287195878
2,DCen,0.07473990607816303,0.0860159341658634
3,CCen,0.043622712788850715,0.023712720783519565
4,BCen,0.0012850945887905318,0.005854623210159537
