,Type,InputFile,Mean,Std
0,Nodes,44444,30.34,4.602651409785451
1,Edges,44444,32.2,7.493997598078078
2,DCen,44444,0.07162366266263938,0.06863558770861539
3,CCen,44444,0.04318678810943717,0.025950573752210673
4,BCen,44444,0.0014823580549229067,0.005232261752804268
