,Type,InputFile,Mean,Std
0,Nodes,99999,38.92,5.782179519869649
1,Edges,99999,46.82,11.824872092331486
2,DCen,99999,0.06244288769796205,0.05072278043203427
3,CCen,99999,0.040352523297594645,0.027431783178345014
4,BCen,99999,0.0015980310634489514,0.0051126016209221276
