,Type,Mean,Std
0,Nodes,49.5,0.7280109889280518
1,Edges,123.44,25.688254125183363
2,DCen,0.10263867665942464,0.08017199361346321
3,CCen,0.12023394802819999,0.041893238142369636
4,BCen,0.014191438954224736,0.025732181559380608
