,Type,Mean,Std
0,Nodes,49.92,0.2712931993250107
1,Edges,156.56,16.101130395099595
2,DCen,0.12819184164050235,0.06727587448460354
3,CCen,0.17826895349970875,0.05565523171255594
4,BCen,0.028224831172921974,0.037194105395951436
