,Type,Mean,Std
0,Nodes,6.46,5.724368960854987
1,Edges,5.66,5.282461547422754
2,DCen,0.213900372983418,0.2604629927203155
3,CCen,0.10800533189669959,0.10453574571636504
4,BCen,0.000259544377191436,0.0023707491022264657
