,Type,Mean,Std
0,Nodes,49.54,1.9205207627099479
1,Edges,145.12,35.05974329626502
2,DCen,0.12009735769689041,0.07771078929147911
3,CCen,0.14850155689543945,0.0676981506229182
4,BCen,0.021107870624620037,0.033940132549780073
