,Type,Mean,Std
0,Nodes,0.28,1.4288456879593403
1,Edges,0.24,1.2419339757008019
2,DCen,0.2857142857142857,0.2966651379613598
3,CCen,0.14285714285714285,0.07985957062499248
4,BCen,0.0,0.0
