,Type,Mean,Std
0,Nodes,49.42,0.8022468448052631
1,Edges,118.3,22.838782804694297
2,DCen,0.09870776444591975,0.07590577379271707
3,CCen,0.11342940411149004,0.04149856316938923
4,BCen,0.013334521532738331,0.023753209204219784
