,Type,Mean,Std
0,Nodes,19.08,9.386884467170137
1,Edges,19.52,10.984061179727652
2,DCen,0.10156925146682903,0.15113050901319072
3,CCen,0.05862636885696608,0.03157359032014282
4,BCen,0.0013241250172119905,0.006014721579716129
