,Type,InputFile,Mean,Std
0,Nodes,2020202020,49.88,0.3815756805667782
1,Nodes,2020202020,0.0,0.0
2,Edges,2020202020,146.8,12.289833196589774
3,Edges,2020202020,0.0,0.0
4,DCen,2020202020,0.12038960809459855,0.0743887330111155
5,DCen,2020202020,,
6,CCen,2020202020,0.16467444606978476,0.049358038676573096
7,CCen,2020202020,,
8,BCen,2020202020,0.02569072411001883,0.03649930010202475
9,BCen,2020202020,,
