,Type,InputFile,Mean,Std
0,Nodes,55555,47.6,3.3286633954186478
1,Edges,55555,93.38,30.632590487910093
2,DCen,55555,0.0830424911936322,0.0824727693652251
3,CCen,55555,0.08046541442968498,0.044816336530920195
4,BCen,55555,0.009438003998441498,0.0238579153053175
