,Type,Mean,Std
0,Nodes,22.72,6.96
1,Edges,21.22,8.357726963714477
2,DCen,0.08422079804411824,0.0897919110372375
3,CCen,0.0478439474287014,0.02721842128333794
4,BCen,0.0012261558636821879,0.005768490805166983
